"login";"name";"num";"accoutn";"card"
"78065036653";"Атос";"1";"40708810003404029210";"4373241588494168"
"79128351027";"Партос";"2";"40708810305372269659";"4373051347974660"
"76988345591";"Арамис";"3";"40708810527826001795";"4373362302887031"
"76084952827";"Шарль";"4";"40708810157014051640";"4373599758942470"
"78141008567";"Микиланджело";"5";"40708810161812814684";"4373458916258736"
"71833225185";"Донателло";"6";"40708810604583114706";"4373343890419444"
"76230915931";"Рафаэль";"7";"40708810014085020397";"4373660180975037"
"72002462969";"Леонардо";"8";"40708810712542737980";"4373561825657374"
"77465866227";"Илья";"9";"40708810264897264168";"4373461141205145"
"78123468798";"Добрыня";"10";"40708810982326164582";"4373470674071924"
"77269503451";"Алёша";"11";"40708810747291653564";"4373537633118757"
"79777899348";"Кощей";"12";"40708810548258625276";"4373151734821294"
"77372348559";"Василий";"13";"40708810883040772318";"4373465586213147"
"73261966539";"Жопа";"14";"40708810359499092047";"4373032348313824"
"70100654802";"Жопа";"15";"40708810518694268905";"4373003992474310"
"78831233742";"Андрей";"16";"40708810513843832687";"4373240794682502"
"72899247986";"Пётр";"17";"40708810328026300566";""
"77825807400";"Моисей";"";"";""
"77140174635";"";"";"";""
